"set","readHttp","readRows","writeHttp","writeCode","writeNote"
"ChartOfAccounts","200","485","404","-2028","Illegal parent number "
"BusinessPartnerGroups","200","18","400","-1","[Microsoft][ODBC Driver 17 for SQL Server][SQL Server]Cannot insert the value NULL into column 'GroupName', table 'TESTING01.ETA.dbo.OCRG'; column does not allow nulls. INSERT fails."
"SalesOpportunitySourcesSetup","200","0","400","-5002","Not enough data  [OOSR.Descript]"
"BankStatements","200","0","404","-2028","No matching records found (ODBC -2028)"
"PasswordAdministrations","200","1","400","-1008","Command Not Found"
"ExchangeRatesForReports","200","0","400","-5002","Enter valid code  [ORTS.RateDate]"
"MessagePreferences","200","0","400","-1008","Command Not Found"
"B1iDIConfigurations","200","0","400","-1","[Microsoft][ODBC Driver 17 for SQL Server][SQL Server]Cannot insert the value NULL into column 'Code', table 'TESTING01.ETA.dbo.OBDC'; column does not allow nulls. INSERT fails."
"BatchNumberDetails","200","106","400","-1008","Command Not Found"
"SerialNumberDetails","200","593","400","-1008","Command Not Found"
"InventoryPostings","200","0","400","-5002","1470000281 - Specify at least one item"
"FinancialYears","200","0","400","-5002","10000913 - Code is missing"
"Sections","200","0","400","-5002","10000924 - Code is missing"
"CertificateSeries","200","0","400","-5002","10001114 - Code is missing!"
"NatureOfAssessees","200","0","400","-5002","10000926 - Code is missing"
"AcknowledgementNumbers","200","0","400","-5002","10001232 - Given financial year code does not exist [OACK.FinYear][line: 1]"
"ReportTypes","200","459","201","",""
"UnitOfMeasurementGroups","200","4","400","-5002","Internal error (-5002) occurred"
"UnitOfMeasurements","200","13","400","-5002","Enter valid code  [OUOM.UomCode]"
"BinLocationFields","200","14","400","-1008","Command Not Found"
"BinLocationAttributes","200","9","400","-5002","1470000490 - Specify a valid bin location attribute"
"WarehouseSublevelCodes","200","14","400","-5002","1470000493 - Specify a valid warehouse sublevel"
"BinLocations","200","73","400","-5002","1470000763 - Warehouse """" is not valid; specify a warehouse with bin locations enabled"
"InternalReconciliations","502","","404","-2028","No matching records found (ODBC -2028)"
"Activities","200","7","201","",""
"SalesStages","200","6","400","-5002","Stage Description cannot be blank.  [OOST.Descript]"
"SalesOpportunityReasonsSetup","200","0","400","-5002","Not enough data  [OOFR.Descript]"
"ActivityTypes","200","2","400","-5002","Enter valid code "
"ActivityLocations","200","1","400","-5002","Enter valid code "
"PartnersSetups","200","1","400","-1","[Microsoft][ODBC Driver 17 for SQL Server][SQL Server]Cannot insert the value NULL into column 'Name', table 'TESTING01.ETA.dbo.OPRT'; column does not allow nulls. INSERT fails."
"SalesOpportunityCompetitorsSetup","200","0","400","-5002","Not enough data  [OCMT.Name]"
"Drafts","200","9","400","-5001","Object type for draft is missing "
"PelecardVendors","200","0","400","-1","[Microsoft][ODBC Driver 17 for SQL Server][SQL Server]Cannot insert the value NULL into column 'ConsolNum', table 'TESTING01.ETA.dbo.OPVL'; column does not allow nulls. INSERT fails."
"DeductionTaxHierarchies","200","0","404","-2028","No matching records found (ODBC -2028)"
"TaxWebSites","200","1","201","",""
"DeductionTaxGroups","200","0","400","-5002","Group code cannot be empty.  [ODDG.DdgCode]"
"StockTransferDrafts","200","9","400","-5001","Object type for draft is missing "
"Branches","200","1","400","-5002","Not enough data  [OUBR.Name]"
"Departments","200","8","400","-5002","Not enough data  [OUDP.Name]"
"Users","200","42","400","-5002","10000643 - User code not defined [OUSR.USER_CODE]"
"ApprovalStages","200","3","400","-5002","10000657 - In the ""No. of Approvals Required"" field, enter a number less than or equal to the value in ""Authorizers"" column"
"BankOperationCodes","200","0","400","-5002","The Operation Code Category cannot be blank  [OBOC.OpCodeCat]"
"InternalBankOperationCodes","200","0","400","-5002","The Code cannot be blank "
"ApprovalTemplates","200","3","400","-5002","10000660 - On ""Originator"" tab, fill in ""User"" column"
"Cockpits","200","5","400","-1","[Microsoft][ODBC Driver 17 for SQL Server][SQL Server]Cannot insert the value NULL into column 'Name', table 'TESTING01.ETA.dbo.OCPT'; column does not allow nulls. INSERT fails."
"MapServices","200","2","400","-1","[Microsoft][ODBC Driver 17 for SQL Server][SQL Server]Cannot insert the value NULL into column 'Name', table 'TESTING01.ETA.dbo.OMPS'; column does not allow nulls. INSERT fails."
"ApprovalRequests","200","3","400","-1008","Command Not Found"
"ChecksForPaymentDrafts","200","0","400","-1008","Command Not Found"
"AdditionalExpenses","200","2","400","-5002","Enter valid code  [OEXD.ExpnsName]"
"InventoryTransferRequests","200","0","400","-5002","10000559 - Not enough data"
"BlanketAgreements","200","1","400","-5002","Invalid BP code  [OOAT.BpCode]"
"SalesTaxAuthorities","200","0","400","-5002","Enter valid code   [Message 173-36]"
"SalesTaxAuthoritiesTypes","200","1","400","-5002","Name is missing  [OSTT.Name]"
"SalesTaxCodes","200","0","400","-5002","On the ""Accounting Data"" tab, in the ""Tax Code"" field, enter valid tax code  [OSTC.Code]"
"Countries","200","253","400","-5002","Not enough data  [OCRY.Code] , 'Code'"
"Invoices","200","1413","404","-2028","Customer record not found "
"States","200","57","400","-5002","[OCST.Country] , 'Linked value   does not exist'"
"KPIs","200","6","400","-5002","1320000003 - Enter KPI code before adding KPI"
"TargetGroups","200","0","400","-5002","1320000143 - Specify a target group code [OTGG.TargetCode]"
"ExtendedTranslations","200","0","400","-1","[Microsoft][ODBC Driver 17 for SQL Server][SQL Server]Cannot insert the value NULL into column 'Category', table 'TESTING01.ETA.dbo.OTRN'; column does not allow nulls. INSERT fails."
"Campaigns","200","0","400","-5002","1320000043 - Specify a campaign name [OCPN.Name]"
"TaxOffices","200","1","201","",""
"DataImportTemplates","200","0","400","-1008","Command Not Found"
"RetornoCodes","200","0","400","-5002","Bank code is not defined  [OROC.BankCode]"
"OccurrenceCodes","200","0","400","-5002","All fields must be defined "
"ProcessChecklistTemplates","200","0","400","-1008","Command Not Found"
"ProcessChecklistInstances","200","0","400","-1008","Command Not Found"
"BoxSets","200","2","201","",""
"ProductSourceCodes","200","0","400","-1","[Microsoft][ODBC Driver 17 for SQL Server][SQL Server]Cannot insert the value NULL into column 'Code', table 'TESTING01.ETA.dbo.OPSC'; column does not allow nulls. INSERT fails."
"CashDiscounts","200","1","400","-5002","Internal error (-5002) occurred"
"QueryCategories","200","20","400","-5002","Enter name of valid category "
"EUTaxIndicators","200","0","400","-5002","Enter valid code  [OIND.Code]"
"ResourceCapacities","200","5","400","-5002","234004557 - Code """" is not valid"
"FactoringIndicators","200","0","400","-1","[Microsoft][ODBC Driver 17 for SQL Server][SQL Server]Cannot insert the value NULL into column 'Code', table 'TESTING01.ETA.dbo.OIDC'; column does not allow nulls. INSERT fails."
"GoodsShipments","200","0","400","-5002","Enter valid code  [OGSP.Code]"
"CreditNotes","200","51","404","-2028","Customer record not found "
"PaymentDrafts","200","0","400","-5001","Object type for draft is missing "
"BoEStampTaxes","200","0","400","-5002","Amount must not be blank or zero  [OBST.StampTax]"
"IndiaHsn","200","0","400","-5002","Not enough data  [OCHP.Chapter][line: 0]"
"ItemMaterialTypes","200","0","400","-1008","Command Not Found"
"VendorTypes","200","1","201","",""
"DNFCodeSetup","200","0","400","-5002","Not enough data  [ODNF.DNFCode]"
"AccountSegmentations","200","0","400","-10","1320000223 - Define segment code"
"AccountSegmentationCategories","200","0","400","-5002","Code undefined "
"WarehouseLocations","200","8","400","-5002","Internal error (-5002) occurred"
"Forms1099","200","0","400","-1","[Microsoft][ODBC Driver 17 for SQL Server][SQL Server]Cannot insert the value NULL into column 'Form1099', table 'TESTING01.ETA.dbo.OTNN'; column does not allow nulls. INSERT fails."
"InventoryCycles","200","0","400","-5002","Cycle Name is missing  [OCYC.Name]"
"WizardPaymentMethods","200","5","400","-5002","Field Missing  [OPYM.PayMethCod]"
"DepreciationTypes","200","3","400","-5002","1470000005 - Specify ""Code"""
"FAAccountDeterminations","200","3","400","-10","1470000008 - Code does not exist; enter a code"
"DepreciationAreas","200","2","400","-5002","1470000015 - Code does not exist; enter a code"
"DepreciationTypePools","200","0","400","-5002","Enter valid code  [ODPP.Code]"
"AssetClasses","200","1","400","-5002","1470000032 - Specify ""Code"""
"IntrastatConfiguration","200","0","400","-5002","1980000044 - Description not valid; description cannot be empty"
"IntrastatFieldConfigurations","200","0","400","-1008","Command Not Found"
"FixedAssetFiscalYearChanges","200","7","400","-1008","Command Not Found"
"AssetGroups","200","0","400","-5002","Enter valid code  [OAGS.Code]"
"DeterminationCriterias","200","15","400","-1008","Command Not Found"
"AssetCapitalization","200","0","400","-5002","1470000156 - Specify at least one asset"
"ProjectPlans","200","3","400","-1008","Command Not Found"
"GLAccountAdvancedRules","200","235","400","-10","The ""Account Code"" field must not be empty; enter a value for ""Account Code"" "
"AssetCapitalizationCreditMemo","200","0","400","-5002","1470000156 - Specify at least one asset"
"BarCodes","200","9","400","-5002","1250000133 - Item number is missing; specify an item number [OITM.ItemCode]"
"InventoryCountings","200","0","400","-5002","1470000281 - Specify at least one item [INC1.ItemCode][line: 1]"
"AssetManualDepreciation","200","0","400","-5002","1470000156 - Specify at least one asset"
"EnhancedDiscountGroups","200","0","400","-5002","10000559 - Not enough data"
"AssetRevaluations","200","0","400","-5002","1470000156 - Specify at least one asset"
"AssetTransfer","200","0","400","-5002","1470000156 - Specify at least one asset"
"CycleCountDeterminations","200","7","400","-1008","Command Not Found"
"AssetRetirement","200","0","400","-5002","1470000156 - Specify at least one asset"
"InventoryCountingDrafts","200","0","400","-1008","Command Not Found"
"PurchaseRequests","200","2","400","-5002","540000009 - Specify the required date [OINV.ReqDate]"
"InventoryOpeningBalanceDrafts","200","0","400","-1008","Command Not Found"
"InventoryPostingDrafts","200","0","400","-1008","Command Not Found"
"CrystalServerConfigurations","200","1","201","",""
"WorkflowTemplateManagers","200","0","400","-1008","Command Not Found"
"AssetDepreciationGroups","200","0","400","-5002","Enter valid code  [OADG.Code]"
"AttributeGroups","200","2","400","-5002","1470000032 - Specify ""Name"""
"IntegrationPackagesConfigure","200","3","400","-1008","Command Not Found"
"OpeningBalance1099s","200","0","400","-1","[Microsoft][ODBC Driver 17 for SQL Server][SQL Server]Cannot insert the value NULL into column 'VendCode', table 'TESTING01.ETA.dbo.OTOB'; column does not allow nulls. INSERT fails."
"DeliveryNotes","200","1368","404","-2028","Customer record not found "
"BPPriorities","200","3","400","-5002","BP Priority field must contain a value  [OBPP.PrioCode]"
"DunningLetters","200","3","400","-5002","You must choose a Letter format "
"UserFieldsMD","200","1562","400","-5002","Blank field name "
"Thresholds","200","1","201","",""
"UserTablesMD","200","9","400","-5002","The table name should consist of at least 3 alphanumeric characters "
"PickLists","200","0","400","-10","254009039 - Cannot add or update PickList without row data"
"EmployeeIDType","200","1","400","-5002","1560000005 - Type missing"
"JournalEntryDocumentTypes","200","1","400","-5002","1560000005 - Type missing"
"PaymentWizards","200","7","400","-1008","Command Not Found"
"PaymentRunExport","200","45","400","-1008","Command Not Found"
"PaymentBlocks","200","0","400","-5002","Internal error (-5002) occurred"
"Returns","200","19","404","-2028","Customer record not found "
"UserQueries","200","287","400","-5002","10000703 - Enter valid query name"
"CentralBankIndicator","200","0","400","-1","[Microsoft][ODBC Driver 17 for SQL Server][SQL Server]Cannot insert the value NULL into column 'Indicator', table 'TESTING01.ETA.dbo.OCBI'; column does not allow nulls. INSERT fails."
"MaterialRevaluation","200","5","400","-5002","At least one amount is required in document rows "
"SefazStates","200","0","400","-1","[Microsoft][ODBC Driver 17 for SQL Server][SQL Server]Cannot insert the value NULL into column 'Code', table 'TESTING01.ETA.dbo.OSES'; column does not allow nulls. INSERT fails."
"WorkflowInstances","200","0","400","-1008","Command Not Found"
"CorrectionPurchaseInvoice","200","0","404","-2028","In ""BP Code"", enter vendor code "
"CorrectionPurchaseInvoiceReversal","200","0","404","-2028","Base Doc Missmatch "
"CorrectionInvoice","200","0","404","-2028","Customer record not found "
"CorrectionInvoiceReversal","200","0","404","-2028","Base Doc Missmatch "
"IncomingPaymentOrders","200","0","400","-1008","Command Not Found"
"OutgoingPaymentOrders","200","0","400","-1008","Command Not Found"
"ServiceCallStatus","200","3","400","-5002","Status name is missing  [OSCS.Name]"
"ServiceCallTypes","200","0","400","-5002","10000683 - In the ""Name"" column, enter a service call type name [OSCT.Name]"
"ServiceCallProblemTypes","200","0","400","-5002","10000681 - In the ""Name"" column, enter a problem type name [OSCP.Name]"
"Orders","200","1264","404","-2028","Customer record not found "
"ContractTemplates","200","3","400","-5002","Template name is missing  [OCTT.TmpltName]"
"EmployeesInfo","200","9","400","-5002","Field must contain a value  [OHEM.lastName]"
"EmployeeRolesSetup","200","8","400","-5002","Not enough data "
"BrazilMultiIndexers","200","0","400","-12545","540000243 - Invalid type; enter an existing code list type"
"EmployeeStatus","200","0","400","-1","[Microsoft][ODBC Driver 17 for SQL Server][SQL Server]Cannot insert the value NULL into column 'name', table 'TESTING01.ETA.dbo.OHST'; column does not allow nulls. INSERT fails."
"ElectronicDocuments","502","","404","-2028","No matching records found (ODBC -2028)"
"ExportDeterminations","502","","400","-5006","999900001 - Protocol not defined"
"ImportDeterminations","502","","400","-5006","999900001 - Protocol not defined"
"TerminationReason","200","0","400","-1","[Microsoft][ODBC Driver 17 for SQL Server][SQL Server]Cannot insert the value NULL into column 'name', table 'TESTING01.ETA.dbo.OHTR'; column does not allow nulls. INSERT fails."
"EducationTypes","200","0","400","-1","[Microsoft][ODBC Driver 17 for SQL Server][SQL Server]Cannot insert the value NULL into column 'name', table 'TESTING01.ETA.dbo.OHED'; column does not allow nulls. INSERT fails."
"CustomerEquipmentCards","200","243","400","-5002","Unique serial number must not be blank "
"AgentNames","200","0","400","-5002","Enter valid code  [OAGP.AgentName]"
"WithholdingTaxCodes","200","5","400","-5002","Value cannot be empty  [OWHT.WTCode]"
"PurchaseInvoices","200","737","404","-2028","In ""BP Code"", enter vendor code "
"ReportFilter","200","0","400","-10","Report name is missing   [Message 3680-2]"
"DetailedCheckingRules","200","0","400","-5002","Enter valid code  [ODCR.RuleCode]"
"BillOfExchangeTransactions","200","0","400","-10","Internal error (-10) occurred"
"PeriodIndicators","200","1","400","-1","[Microsoft][ODBC Driver 17 for SQL Server][SQL Server]Cannot insert the value NULL into column 'Indicator', table 'TESTING01.ETA.dbo.OPID'; column does not allow nulls. INSERT fails."
"DoubtfulDebts","200","0","400","-1","[Microsoft][ODBC Driver 17 for SQL Server][SQL Server]Cannot insert the value NULL into column 'NumOfDays', table 'TESTING01.ETA.dbo.ODOR'; column does not allow nulls. INSERT fails."
"Holidays","200","21","400","-1","[Microsoft][ODBC Driver 17 for SQL Server][SQL Server]Cannot insert the value NULL into column 'HldCode', table 'TESTING01.ETA.dbo.OHLD'; column does not allow nulls. INSERT fails."
"ServiceCallSolutionStatus","200","3","400","-5002","10000688 - Fill in ""Name"" column [OSST.Name]"
"GLAccountDeterminationCriteriaResources","200","10","400","-1008","Command Not Found"
"KnowledgeBaseSolutions","200","25","400","-5002","Enter a name or description for the solution in the ""Solution"" field "
"PurchaseCreditNotes","200","10","404","-2028","In ""BP Code"", enter vendor code "
"ServiceContracts","200","23","400","-5002","10000609 - Enter valid BP code [OCTR.CstmrCode]"
"ServiceCalls","200","20","404","-2028","No matching records found (ODBC -2028)"
"ServiceCallOrigins","200","3","400","-5002","Origin name is missing  [OSCO.Name]"
"UserKeysMD","200","0","400","-5002","Blank key name "
"Queue","200","3","400","-5002","Empty queue ID "
"DunningTerms","200","1","400","-5002","Dunning Term Code - is missing"
"SalesForecast","200","3","400","-5002","Forecast code is missing  [OFCT.Code]"
"TrackingNotes","200","0","400","-5002","1980000106 - CCD number is empty [OTCN.CCDNum][line: 0]"
"MRPScenarios","200","7","400","-1008","Command Not Found"
"BusinessPartners","200","36","400","-5002","Code undefined  [OCRD.CardCode]"
"PurchaseDeliveryNotes","200","750","404","-2028","In ""BP Code"", enter vendor code "
"Territories","200","1","400","-5002","Empty territory description "
"Industries","200","1","400","-5002","Not enough data  , 'Industry Name'"
"ProductionOrders","200","165","400","-10","Product Number is missing  [OWOR.ItemCode]"
"DownPayments","200","32","400","-5002","Invalid value  [ODPI.Posted][line: 0]"
"PurchaseDownPayments","200","0","400","-5002","Invalid value  [ODPO.Posted][line: 0]"
"PackagesTypes","200","4","400","-5002","Enter valid code "
"UserObjectsMD","200","3","400","-5002","User-defined object code cannot be numeric  [OUDO.Code]"
"DataOwnershipObjects","200","52","400","-1008","Command Not Found"
"DataOwnershipExceptions","200","7","400","-1","[Microsoft][ODBC Driver 17 for SQL Server][SQL Server]Cannot insert the value NULL into column 'QueryId', table 'TESTING01.ETA.dbo.ODOX'; column does not allow nulls. INSERT fails."
"PurchaseReturns","200","9","404","-2028","In ""BP Code"", enter vendor code "
"EmployeePosition","200","0","400","-5002","""Position Name"" is a required field.  [OHPS.name]"
"Teams","200","2","400","-1","[Microsoft][ODBC Driver 17 for SQL Server][SQL Server]Cannot insert the value NULL into column 'name', table 'TESTING01.ETA.dbo.OHTM'; column does not allow nulls. INSERT fails."
"Relationships","200","1","400","-1","[Microsoft][ODBC Driver 17 for SQL Server][SQL Server]Cannot insert the value NULL into column 'OrlDesc', table 'TESTING01.ETA.dbo.OORL'; column does not allow nulls. INSERT fails."
"UserPermissionTree","200","2","400","-5002","Enter valid code "
"PredefinedTexts","200","0","400","-5002","Enter valid code "
"TaxDeclarationBoxes","200","17","400","-5002","Summary and Debit/Credit fields must contain a value "
"ActivityStatuses","200","2","400","-5002","Status name is missing "
"ChooseFromList","200","2","404","-2028","No matching records found (ODBC -2028)"
"FormattedSearches","200","1","400","-5002","[CSHS.FormID]"
"PurchaseOrders","200","736","404","-2028","In ""BP Code"", enter vendor code "
"Attachments2","200","0","400","-5002","The attachments folder is not defined, or it has been changed or removed. "
"UserLanguages","200","27","400","-5002","Not enough data  [OLNG.ShortName]"
"MultiLanguageTranslations","200","65","400","-5002","The field cannot be translated.  [OMLT.FieldAlias]"
"DynamicSystemStrings","200","0","400","-1","[Microsoft][ODBC Driver 17 for SQL Server][SQL Server]Cannot insert the value NULL into column 'FormId', table 'TESTING01.ETA.dbo.SDIS'; column does not allow nulls. INSERT fails."
"Quotations","200","1239","404","-2028","Customer record not found "
"HouseBankAccounts","200","2","400","-5002","Bank code is missing  [DSC1.BankKey]"
"UserGroups","200","4","400","-1116","Could not commit transaction: Error -1 detected during transaction"
"FinancialKPIFactors","200","0","400","-5002","Enter valid code  [OKPF.FactorId]"
"RecipientStatuses","200","0","400","-5002","231000020 - Character number is less than allowed"
"PaymentReasons","200","0","400","-5002","231000020 - Character number is less than allowed"
"RussiaPaymentDocumentTypes","200","0","400","-5002","231000020 - Character number is less than allowed"
"PaymentTypes","200","0","400","-5002","231000020 - Character number is less than allowed"
"POSDailySummary","200","0","400","-5002","Mandatory field is empty  [OZRD.POSEquipNo]"
"EmailGroups","200","0","400","-5002","Enter valid code  [OEGP.EmlGrpCode]"
"Remark1s","200","0","400","-5002","10001519 - Code missing"
"PointsOfIssues","200","0","400","-5002","Internal error (-5002) occurred"
"CountWidgets","200","0","400","-5002","Enter a code for the count widget  [OBOI.Code]"
"FolioNumberingDocuments","200","0","400","-1008","Command Not Found"
"FolioNumberingSeries","200","0","400","-1008","Command Not Found"
"ServiceCallProblemSubTypes","200","0","400","-5002","234002008 - In the ""Name"" column, enter a problem subtype name [OPST.Name]"
"WitholdingTaxDefinition","200","0","400","-5002","Value cannot be empty  [OWTD.WTCode]"
"ProjectManagements","200","3","400","-5002","234000095 - Project name is mandatory"
"ProjectManagementTimeSheet","200","0","404","-2028","No matching records found (ODBC -2028)"
"ReturnReasons","200","0","400","-1","[Microsoft][ODBC Driver 17 for SQL Server][SQL Server]Cannot insert the value NULL into column 'Reason', table 'TESTING01.ETA.dbo.ORER'; column does not allow nulls. INSERT fails."
"ReturnActions","200","3","400","-1","[Microsoft][ODBC Driver 17 for SQL Server][SQL Server]Cannot insert the value NULL into column 'Action', table 'TESTING01.ETA.dbo.OREA'; column does not allow nulls. INSERT fails."
"ReturnRequest","200","1","404","-2028","Customer record not found "
"GoodsReturnRequest","200","0","404","-2028","In ""BP Code"", enter vendor code "
"ActivityRecipientLists","200","0","400","-5002","234000231 - Enter a name for the recipient list"
"RemarkTemplates","200","1","201","",""
"WebClientLaunchpads","200","0","400","-1","[Microsoft][ODBC Driver 17 for SQL Server][SQL Server]Cannot insert the value NULL into column 'Guid', table 'TESTING01.ETA.dbo.OWLPD'; column does not allow nulls. INSERT fails."
"WebClientBookmarkTiles","200","0","400","-1","[Microsoft][ODBC Driver 17 for SQL Server][SQL Server]Cannot insert the value NULL into column 'Guid', table 'TESTING01.ETA.dbo.OWLBT'; column does not allow nulls. INSERT fails."
"WebClientListviewFilters","200","0","400","-1","[Microsoft][ODBC Driver 17 for SQL Server][SQL Server]Cannot insert the value NULL into column 'Guid', table 'TESTING01.ETA.dbo.OWFLT'; column does not allow nulls. INSERT fails."
"IdentificationCodes","200","0","400","-1","[Microsoft][ODBC Driver 17 for SQL Server][SQL Server]Cannot insert the value NULL into column 'Codelist', table 'TESTING01.ETA.dbo.OUNCL'; column does not allow nulls. INSERT fails."
"WebClientFormSettings","200","0","400","-1","[Microsoft][ODBC Driver 17 for SQL Server][SQL Server]Cannot insert the value NULL into column 'Guid', table 'TESTING01.ETA.dbo.OWFST'; column does not allow nulls. INSERT fails."
"WebClientNotifications","200","0","400","-1","[Microsoft][ODBC Driver 17 for SQL Server][SQL Server]Cannot insert the value NULL into column 'Guid', table 'TESTING01.ETA.dbo.OWNOT'; column does not allow nulls. INSERT fails."
"WebClientDashboards","200","0","400","-1","[Microsoft][ODBC Driver 17 for SQL Server][SQL Server]Cannot insert the value NULL into column 'Guid', table 'TESTING01.ETA.dbo.OWDBD'; column does not allow nulls. INSERT fails."
"WebClientRecentActivities","200","2","400","-1","[Microsoft][ODBC Driver 17 for SQL Server][SQL Server]Cannot insert the value NULL into column 'Guid', table 'TESTING01.ETA.dbo.OWUAC'; column does not allow nulls. INSERT fails."
"WebClientPreferences","200","0","400","-1","[Microsoft][ODBC Driver 17 for SQL Server][SQL Server]Cannot insert the value NULL into column 'Guid', table 'TESTING01.ETA.dbo.OWUPR'; column does not allow nulls. INSERT fails."
"WebClientVariants","200","489","400","-1","[Microsoft][ODBC Driver 17 for SQL Server][SQL Server]Cannot insert the value NULL into column 'Guid', table 'TESTING01.ETA.dbo.OWVT'; column does not allow nulls. INSERT fails."
"WebClientVariantGroups","200","0","400","-1","[Microsoft][ODBC Driver 17 for SQL Server][SQL Server]Cannot insert the value NULL into column 'Guid', table 'TESTING01.ETA.dbo.OWVG'; column does not allow nulls. INSERT fails."
"CESTCodes","200","0","400","-1","[Microsoft][ODBC Driver 17 for SQL Server][SQL Server]Cannot insert the value NULL into column 'CEST', table 'TESTING01.ETA.dbo.OCEST'; column does not allow nulls. INSERT fails."
"UnencumberedICMSExemptionReasons","200","0","400","-1008","Command Not Found"
"TaxReplStateSubs","200","0","400","-1","[Microsoft][ODBC Driver 17 for SQL Server][SQL Server]Cannot insert the value NULL into column 'State', table 'TESTING01.ETA.dbo.OTRSS'; column does not allow nulls. INSERT fails."
"LegalTextFormats","200","0","400","-5002","Internal error (-5002) occurred"
"LegalTextItems","200","0","400","-1","[Microsoft][ODBC Driver 17 for SQL Server][SQL Server]Cannot insert the value NULL into column 'LineCode', table 'TESTING01.ETA.dbo.OLTI'; column does not allow nulls. INSERT fails."
"DeductibleTaxes","200","0","400","-5002","Enter valid code  [ORTG.Code]"
"TaxExemptReasons","200","29","400","-5002","Enter valid code  [TXRE.Code]"
"OfficialAccountCodes","200","0","400","-5002","Enter valid code  [OOAC.Code]"
"SBOMailers","400","","400","-1008","Command Not Found"
"BlockExecutables","200","120","400","-1008","Command Not Found"
"BPVatExemptions","200","0","400","-5002","234000213 - You must enter a ""BP Code"" to set up an exemption [OVEB.CardCode][line: 0]"
"VatExemptionTypes","200","1","201","",""
"IncomeClassificationCategories","200","0","400","-1","[Microsoft][ODBC Driver 17 for SQL Server][SQL Server]Cannot insert the value NULL into column 'Code', table 'TESTING01.ETA.dbo.OICC'; column does not allow nulls. INSERT fails."
"IncomeClassificationTypes","200","0","400","-1","[Microsoft][ODBC Driver 17 for SQL Server][SQL Server]Cannot insert the value NULL into column 'Code', table 'TESTING01.ETA.dbo.OICP'; column does not allow nulls. INSERT fails."
"ExpenseClassificationTypes","200","0","400","-1","[Microsoft][ODBC Driver 17 for SQL Server][SQL Server]Cannot insert the value NULL into column 'Code', table 'TESTING01.ETA.dbo.OECP'; column does not allow nulls. INSERT fails."
"ExpenseClassificationCategories","200","0","400","-1","[Microsoft][ODBC Driver 17 for SQL Server][SQL Server]Cannot insert the value NULL into column 'Code', table 'TESTING01.ETA.dbo.OECC'; column does not allow nulls. INSERT fails."
"EBooksWithholdingTaxCategories","200","0","400","-5002","234000238 - You must enter a code [OWHC.EBCateCode]"
"EBooksVATExemptionCauses","200","0","400","-5002","234000243 - You must enter a code [OVEC.EBCausCode]"
"EBooksInvoiceTypes","200","0","400","-1","[Microsoft][ODBC Driver 17 for SQL Server][SQL Server]Cannot insert the value NULL into column 'Code', table 'TESTING01.ETA.dbo.OEIT'; column does not allow nulls. INSERT fails."
"SQLQueries","200","1","400","206","Invalid payload."
"WTaxTypeCodes","200","0","400","-5002","Enter valid code  [OWXT.WtaxTCode]"
"EBooks","200","0","400","-1008","Command Not Found"
"PaymentReasonCodes","200","0","400","-5002","Enter valid code  [OPTR.PymntRsnCd]"
"ApprovalAuthorizorReplacements","200","0","400","-5002","234109995 - Enter a date in the ""From Date"" field"
"ExceptionalEvents","200","0","400","-1","[Microsoft][ODBC Driver 17 for SQL Server][SQL Server]Cannot insert the value NULL into column 'Code', table 'TESTING01.ETA.dbo.OEPE'; column does not allow nulls. INSERT fails."
"EmploymentCategorys","200","0","400","-5002","Enter valid code  [OETC.EmptCtCod]"
"ShortLinkMappings","200","0","400","-1","[Microsoft][ODBC Driver 17 for SQL Server][SQL Server]Cannot insert the value NULL into column 'Guid', table 'TESTING01.ETA.dbo.OSLS'; column does not allow nulls. INSERT fails."
"TSRExceptionalEvents","200","0","400","-1","[Microsoft][ODBC Driver 17 for SQL Server][SQL Server]Cannot insert the value NULL into column 'Code', table 'TESTING01.ETA.dbo.OEEV'; column does not allow nulls. INSERT fails."
"BEMReplicationPeriods","200","2","400","-5002","234000354 - You need to specify the ScopeKey for the scope period."
"EBooksRecordTypes","200","0","400","-5002","Enter valid code  [OREC.Code]"
"EBooksStampDutyCategories","200","0","400","-5002","Enter valid code  [OSDC.Code]"
"EBooksOtherTaxCategories","200","0","400","-5002","Enter valid code  [OEOT.Code]"
"EBooksFeesCategories","200","0","400","-5002","Enter valid code  [OEFC.Code]"
"ATDocumentTypes","200","0","400","-5002","Enter valid code  [OSDT.Code]"
"SAFTProductTypes","200","0","","-5002","Enter valid code  [OSPT.Code]"
"SAFTTransactionTypes","200","0","400","-5002","Enter valid code  [OSTE.Code]"
"SAFTTaxCodes","200","0","400","-5002","Enter valid code  [OSTX.Code]"
"EventNotifications","200","0","400","-1008","Command Not Found"
"EventSubscriptions","200","0","400","-1","[Microsoft][ODBC Driver 17 for SQL Server][SQL Server]Cannot insert the value NULL into column 'WebhookID', table 'TESTING01.ETA.dbo.OEVC'; column does not allow nulls. INSERT fails."
"Genders","200","3","400","-5002","Enter valid code  [OGDR.Code]"
"PersonalDataRetentionPeriods","200","0","400","-5002","Enter valid code  [ODRP.PeriodCode]"
"WTaxRelationTypes","200","0","400","-5002","Enter valid code  [OWRT.RelCode]"
"WTaxCategories","200","0","400","-5002","Enter valid code  [OWCT.CateCode]"
"DatevRuns","200","0","400","-1008","Command Not Found"
"DatevTransactionsDeliveriesAndServices","200","0","400","-5002","Enter valid code  [ODTS.DTV13BCode]"
"CAEAInformations","200","0","400","-1008","Command Not Found"
"ElsterRun","200","1","201","",""
"ImportToExcels","200","1","201","",""
"AccountCategory","200","54","400","-5002","Internal error (-5002) occurred"
"BankChargesAllocationCodes","200","0","400","-1","[Microsoft][ODBC Driver 17 for SQL Server][SQL Server]Cannot insert the value NULL into column 'Code', table 'TESTING01.ETA.dbo.OBCA'; column does not allow nulls. INSERT fails."
"IncomingPayments","200","1150","400","-10","A valid card code must be inserted.  [ORCT.CardCode]"
"CashFlowLineItems","200","31","400","-1008","Command Not Found"
"CampaignResponseType","200","2","400","-5002","Not enough data  [ORPT.RspType] , 'RspType'"
"CommunicationMeans","200","2","400","-1008","Command Not Found"
"SpecificWTHAmountsService","200","0","400","-1","[Microsoft][ODBC Driver 17 for SQL Server][SQL Server]Cannot insert the value NULL into column 'PymntRsnCd', table 'TESTING01.ETA.dbo.OSWA'; column does not allow nulls. INSERT fails."
"PayrollAccounts","200","0","400","-1","[Microsoft][ODBC Driver 17 for SQL Server][SQL Server]Cannot insert the value NULL into column 'CateType', table 'TESTING01.ETA.dbo.OPRA'; column does not allow nulls. INSERT fails."
"ExpenseTypes","200","0","400","-5002","Enter valid code  [OEXT.ExpType]"
"GovPayCodes","200","0","400","-5002","Internal error (-5002) occurred"
"BrazilTaxAdjustments","200","0","400","-1008","Command Not Found"
"TaxInvoiceReport","200","0","400","-1008","Command Not Found"
"BusinessPlaces","200","0","400","-5002","1320000343 - You cannot add a branch when multiple branches are disabled"
"KoreanVATNumberings","200","0","400","-5002","Enter Series Name and First; First and Last fields must contain 9 digits.  , '2'"
"Deposits","200","8","400","-5002","Check(s) to be deposited is/are missing "
"LocalEra","200","0","400","-10","Invalid code for local era "
"Dimensions","200","5","400","-1008","Command Not Found"
"ManualDistributionRules","200","0","400","-1008","Command Not Found"
"BrazilServiceCodes","200","0","400","-5002","Enter valid code  [OSCD.County][line: 0]"
"BrowserWidgets","200","0","400","-10","Enter a name for the browser widget  [OBRW.Name]"
"MenuAbbreviations","200","0","400","-1008","Command Not Found"
"ValueMapping","200","0","400","-1","[Microsoft][ODBC Driver 17 for SQL Server][SQL Server]Cannot insert the value NULL into column 'ObjectId', table 'TESTING01.ETA.dbo.OMPO'; column does not allow nulls. INSERT fails."
"ValueMappingCommunication","200","1","201","",""
"POSCashRegisters","200","0","400","-10","Internal error (-10) occurred"
"IndiaSacCode","200","0","400","-5002","Not enough data  [OSAC.ServCode][line: 0]"
"TransportationDocument","200","0","400","-5002","254000220 - The document must contain lines."
"TaxSummaryMethods","200","0","400","-5002","Enter valid code  [OTSM.AbsEntry]"
"GstRegnTypes","200","0","400","-1008","Command Not Found"
"ISDDocuments","200","0","400","-2004","Table not found (ODBC -2004)"
"ISDInvoices","200","0","400","-10","254009401 - Source location is required [OISI.SrcLoc]"
"ISDRecipientInvoices","200","0","400","-10","254009401 - Source location is required [OIRI.SrcLoc]"
"ISDCreditMemos","200","0","400","-10","254009401 - Source location is required [OISC.SrcLoc]"
"ISDRecipientCreditMemos","200","0","400","-10","254009401 - Source location is required [OIRR.SrcLoc]"
"SelfInvoices","200","0","404","-2028","In ""BP Code"", enter vendor code "
"SelfCreditMemos","200","0","404","-2028","In ""BP Code"", enter vendor code "
"ServiceGroups","200","0","400","-5002","Not enough data  [OSGP.ServiceGrp][line: 0]"
"MaterialGroups","200","0","400","-5002","Not enough data  [OMGP.MatGrp][line: 0]"
"CostElements","200","0","400","-5002","256000086 - Cost element code is required"
"StateGroups","200","0","400","-1","[Microsoft][ODBC Driver 17 for SQL Server][SQL Server]Cannot insert the value NULL into column 'GroupName', table 'TESTING01.ETA.dbo.OSTG'; column does not allow nulls. INSERT fails."
"ProductSourceCodeGroups","200","0","400","-1","[Microsoft][ODBC Driver 17 for SQL Server][SQL Server]Cannot insert the value NULL into column 'GroupName', table 'TESTING01.ETA.dbo.OPSG'; column does not allow nulls. INSERT fails."
"NCMCodeGroups","200","0","400","-1","[Microsoft][ODBC Driver 17 for SQL Server][SQL Server]Cannot insert the value NULL into column 'GroupName', table 'TESTING01.ETA.dbo.ONCG'; column does not allow nulls. INSERT fails."
"EWayBillSubSupplyTypes","200","0","400","-5002","Enter valid code  [OEST.SubID]"
"EWayBillDocumentTypes","200","0","400","-5002","Enter valid code  [OEDT.TypeCode]"
"EWayBillTransportationModes","200","0","400","-5002","Enter valid code  [OETM.ModeCode]"
"EWayBillVehicleTypes","200","0","400","-5002","Enter valid code  [OEVT.TypeCode]"
"EWayBillUnits","200","0","400","-1","[Microsoft][ODBC Driver 17 for SQL Server][SQL Server]Cannot insert the value NULL into column 'UnitCode', table 'TESTING01.ETA.dbo.OEUT'; column does not allow nulls. INSERT fails."
"EWBTransporters","200","0","400","-5002","Internal error (-5002) occurred"
"DefaultElementsforCR","200","65","400","-5002","Not enough data  [OMLP.Name] , 'Name'"
"SingleUserConnections","200","5","400","-1008","Command Not Found"
"TaxCategoryCodes","200","0","400","-5002","Not enough data  [OTCC.Code] , 'Code'"
"SQLViews","200","0","400","-1008","Command Not Found"
"NCMCodesSetup","200","0","400","-5002","Not enough data  [ONCM.NcmCode][line: 0]"
"NotaFiscalCFOP","200","0","400","-5002","Internal error (-5002) occurred"
"NotaFiscalCST","200","0","400","-5002","Enter valid code  [OTSC.CODE]"
"NotaFiscalUsage","200","0","400","-5002","Enter valid code  [OUSG.Usage]"
"ClosingDateProcedure","200","1","400","-1008","Command Not Found"
"WithholdingTaxTypes","200","0","400","-1","[Microsoft][ODBC Driver 17 for SQL Server][SQL Server]Cannot insert the value NULL into column 'WTType', table 'TESTING01.ETA.dbo.OWTT'; column does not allow nulls. INSERT fails."
"NotaFiscalNumberings","200","0","400","-1008","Command Not Found"
"NFTaxCategories","200","0","400","-5002","Code cannot be empty  [ONFT.Code][line: 1]"
"Counties","200","0","400","-5002","[OCNT.Country] , 'Linked value   does not exist'"
"TaxCodeDeterminationsTCD","200","0","400","-1008","Command Not Found"
"BOEDocumentTypes","200","0","400","-5002","All fields need to be defined "
"BOEPortfolios","200","0","400","-5002","All fields need to be defined "
"BOEInstructions","200","0","400","-5002","All fields need to be defined "
"IndiaItemClassifications","200","0","400","-5002","Not enough data  [OSCG.ServiceCtg][line: 0]"
"BPFiscalRegistryID","200","0","400","-5002","Not enough data  [OCNA.CNAECode][line: 0]"
"IndiaTransactionCategories","200","5","400","-5002","Not enough data  [OTNC.TransCat][line: 0]"
"SalesTaxInvoices","200","0","400","-1","Failed to initialize object data"
"PurchaseTaxInvoices","200","0","400","-1","Failed to initialize object data"
"CustomsDeclaration","200","0","400","-1","[Microsoft][ODBC Driver 17 for SQL Server][SQL Server]Cannot insert the value NULL into column 'CCDNum', table 'TESTING01.ETA.dbo.OCCD'; column does not allow nulls. INSERT fails."
"Resources","200","4","400","-5002","1250002900 - Resource number is missing; specify a resource number [ORSC.ResCode]"
"ResourceProperties","200","64","400","-1008","Command Not Found"
"ResourceGroups","200","1","400","-10","Cost name of resource group name is missing "
"RouteStages","200","0","400","-1","[Microsoft][ODBC Driver 17 for SQL Server][SQL Server]Cannot insert the value NULL into column 'Code', table 'TESTING01.ETA.dbo.ORST'; column does not allow nulls. INSERT fails."
"Banks","200","6","400","-5002","Enter valid code  [ODSC.BankCode]"
"JournalEntries","200","6813","400","-5002","At least one amount is required in document rows "
"StockTakings","200","808","404","-2028","[OITW.ItemCode] , 'No matching records found (ODBC -2028)'"
"InventoryOpeningBalances","200","0","400","-5002","1470000469 - You cannot add a document; enter an item"
"PersonalFieldsSetups","200","774","400","-1008","Command Not Found"
"Contacts","200","8","201","",""
"RecurringPostings","200","85","400","-5002","Empty Template "
"EJABCompanyDetails","200","0","400","-1008","Command Not Found"
"ServiceSupplies","200","0","400","-5002","Enter valid code  [OSSP.Code]"
"CreditCards","200","3","400","-5002","Enter valid code  [OCRC.CardName]"
"Currencies","200","7","400","-5002","Define the international code for the currency.  [OCRN.DocCurrCod]"
"CustomerPriceIndexes","200","1","400","-5002","Define the international code for the currency. "
"Items","200","101","400","-5002","1250000133 - Item number is missing; specify an item number [OITM.ItemCode]"
"PaymentTermsTypes","200","4","400","-5002","Payment terms code is missing "
"FormPreferences","200","29320","400","-1008","Command Not Found"
"ElectronicFileFormats","200","12","400","-1","[Microsoft][ODBC Driver 17 for SQL Server][SQL Server]Cannot insert the value NULL into column 'Name', table 'TESTING01.ETA.dbo.OLLF'; column does not allow nulls. INSERT fails."
"QueryAuthGroups","200","15","400","-5002","""Description"" field is empty. "
"BankPages","200","0","400","-5002","No account/BP code inserted "
"Manufacturers","200","9","400","-5002","Manufacturer's name is missing.  [OMRC.FirmName]"
"BusinessPartnerProperties","200","64","400","-1008","Command Not Found"
"TransactionCodes","200","0","400","-5002","Enter valid code  [OTRC.TrnsCode]"
"VendorPayments","200","517","400","-10","A valid card code must be inserted.  [OVPM.CardCode]"
"LandedCostsCodes","200","4","400","-5002","Formula code must be defined  [OALC.AlcCode]"
"EmployeeTransfers","200","1","201","",""
"MobileAddOnSetting","200","0","400","-5002","Enter valid code  [OMAO.Code]"
"ShippingTypes","200","5","400","-5002","Enter valid code "
"VatGroups","200","20","400","-5002","Value cannot be empty  [OVTG.Code]"
"LengthMeasures","200","6","400","-5002","Enter valid code  [OLGT.UnitDisply]"
"WeightMeasures","200","5","400","-5002","Enter valid code  [OWGT.UnitDisply]"
"ItemGroups","200","10","400","-5002","Item number is missing; specify an item number  , 'Group Name'"
"SalesPersons","200","7","400","-5002","Sales Employee name is missing "
"DeductionTaxSubGroups","200","0","400","-5002","Group code cannot be empty.  [ODGL.GroupCode]"
"ReferenceLinksDefinitions","200","25","400","-1008","Command Not Found"
"TaxCodeDeterminations","200","0","400","-10","540000083 - To proceed, specify the Business Area."
"PurchaseQuotations","200","2","404","-2028","In ""BP Code"", enter vendor code "
"RecurringTransactionTemplates","200","0","400","-1008","Command Not Found"
"CostCenterTypes","200","0","400","-5002","Not enough data  [OCCT.CctCode]"
"AccrualTypes","200","0","400","-5002","Not enough data  [OACR.Code]"
"DashboardCacheConfigurations","200","2","201","",""
"NFModels","200","0","400","-1016","[ONFM.NfmName] , 'Invalid value in field (ODBC -1016)'"
"PACCompanies","200","1","400","-5002","Enter valid code  [OPAC.PACCode]"
"BrazilStringIndexers","200","0","400","-12545","540000243 - Invalid type; enter an existing code list type"
"BrazilNumericIndexers","200","2","400","-12545","540000243 - Invalid type; enter an existing code list type"
"BrazilFuelIndexers","200","0","400","-12514","540000292 - Invalid code; enter a code comprised of maximum ten characters"
"BrazilBeverageIndexers","200","0","400","-12548","540000300 - Invalid beverage combination; enter a valid beverage table code, beverage group code, and beverage brand code"
"CIGCodes","200","0","400","-10","540000262 - CIG field cannot be empty"
"CUPCodes","200","0","400","-10","540000237 - CUP field cannot be empty"
"HelpLinks","200","7","201","",""
"LegalData","200","0","400","-2004","Table not found (ODBC -2004)"
"FiscalPrinter","200","0","400","-5002","Enter valid code  [FiscalPrinter.EquipmentNo]"
"PostingTemplates","200","0","400","-5002","Empty Template "
"CustomsGroups","200","1","400","-5002","Group name cannot be empty.  [OARG.CstGrpName]"
"ChecksforPayment","200","7","404","-2028","Enter valid code  [OCHO.VendorCode]"
"InventoryGenEntries","200","148","400","-5002","10000111 - On ""Contents"" tab, enter item or items"
"PriceLists","200","6","400","-5002","Price list name missing "
"InventoryGenExits","200","2","400","-5002","10000111 - On ""Contents"" tab, enter item or items"
"ProfitCenters","200","10","400","-5002","Invalid date input "
"DistributionRules","200","8","400","-10","No data in the table "
"Projects","200","2","400","-5002","Enter valid code  [OPRJ.PrjCode]"
"Warehouses","200","8","400","-5002","10001160 - Invalid warehouse code [OWHS.WhsCode]"
"CommissionGroups","200","4","400","-5002","Enter valid code "
"ProductTrees","200","19","404","-2028","No matching records found (ODBC -2028)"
"StockTransfers","200","25","400","-5002","10000559 - Not enough data"
"LandedCosts","200","3","400","-5002","1320000102 - Cannot add landed costs without lines"
"SpecialPrices","200","0","404","-2028","No matching records found (ODBC -2028)"
"CreditPaymentMethods","200","1","400","-5002","Code undefined "
"CreditCardPayments","200","1","400","-5002","Invalid Code  [OCDT.Code]"
"AlternateCatNum","200","0","404","-2028","No matching records found (ODBC -2028)"
"ExchangeRates","200","13188","400","-10","Invalid currency "
"PostdatedDeposits","200","0","400","-1008","Command Not Found"
"Budgets","200","33","400","-5002","Enter valid code  [OBGT.AcctCode]"
"BudgetDistributions","200","3","400","-5002","Amount in ""Total"" field must be equal to month factor total "
"RetailChains","200","0","400","-1008","Command Not Found"
"ItemProperties","200","64","400","-1","[Microsoft][ODBC Driver 17 for SQL Server][SQL Server]Cannot insert the value NULL into column 'ItmsTypCod', table 'TESTING01.ETA.dbo.OITG'; column does not allow nulls. INSERT fails."
"AlertManagements","200","8","400","-5002","Code undefined  [OALT.Name]  [Message 173-2]"
"Messages","200","54","400","-10","No addressee selected for alert   [Message 3581-1]"
"ActivitySubjects","200","1","400","-5002","Enter valid code "
"DistributionLists","200","0","400","-1","[Microsoft][ODBC Driver 17 for SQL Server][SQL Server]Cannot insert the value NULL into column 'Name', table 'TESTING01.ETA.dbo.OMLS'; column does not allow nulls. INSERT fails."
"BudgetScenarios","200","4","400","-1","[Microsoft][ODBC Driver 17 for SQL Server][SQL Server]Cannot insert the value NULL into column 'FinancYear', table 'TESTING01.ETA.dbo.OBGS'; column does not allow nulls. INSERT fails."
"InterestRates","200","0","400","-5008","Date deviates from due date range"
"UserDefaultGroups","200","0","400","-5002","Enter valid code  [OUDG.Code]"
"FinancialReportTemplates","200","1","400","-1008","Command Not Found"
"SalesOpportunities","200","69","400","-5002","Invalid BP code  [OOPR.CardCode]"
"SalesOpportunityInterestsSetup","200","0","400","-5002","Not enough data  [OOIN.Descript]"
"InterestLevels","200","2","201","",""
"KoreaTaxReportTypes","200","0","400","-5002","Not enough data  [OKRT.SumRepType][line: 0]"
"KoreaSummaryVATReportTypes","200","0","400","-1","[Microsoft][ODBC Driver 17 for SQL Server][SQL Server]Cannot insert the value NULL into column 'Name', table 'TESTING01.ETA.dbo.OSVT'; column does not allow nulls. INSERT fails."
"COINFO","200","1","400","-5002","Enter valid code  [@COINFO.Code]"
"PCSIDS","200","1","400","-5002","Enter valid code  [@PCSID.Code]"
"UDO_GRPINV","200","0","400","-1","[Microsoft][ODBC Driver 17 for SQL Server][SQL Server]Cannot insert the value NULL into column 'U_DocType', table 'TESTING01.ETA.dbo.@DVX_GRPINV'; column does not allow nulls. INSERT fails."
"U_DVX_COMPLOG","200","1","201","",""
"U_DVX_EINV","200","702","400","-1","[Microsoft][ODBC Driver 17 for SQL Server][SQL Server]Cannot insert the value NULL into column 'U_DocType', table 'TESTING01.ETA.dbo.@DVX_EINV'; column does not allow nulls. INSERT fails."
